1,2019,Series 1,Pitcher,SP,Max Scherzer,R, CMD 6 R+1 ,665
2,2019,Series 1,Pitcher,SP,Jacob deGrom,R, CMD 6 ,605
3,2019,Series 1,Pitcher,SP,Clayton Kershaw,R, CMD 6 ,590
4,2019,Series 1,Pitcher,SP,Corey Kluber,R, CMD 6 ,590
5,2019,Series 1,Pitcher,SP,Justin Verlander,R, CMD 6 ,580
6,2019,Series 1,Pitcher,SP,Chris Sale,R, CMD 6 ,570
7,2019,Series 1,Pitcher,SP,Blake Snell,R, CMD 5 L+1 ,555
8,2019,Series 1,Pitcher,SP,Miles Mikolas,R, CMD 5 R+1 ,550
9,2019,Series 1,Pitcher,SP,Zack Greinke,R, CMD 5 ,520
10,2019,Series 1,Pitcher,SP,Walker Buehler,R, CMD 6 ,505
11,2019,Series 1,Pitcher,SP,Luis Severino,R, CMD 5 ,480
12,2019,Series 1,Pitcher,SP,Aaron Nola,R, CMD 5 ,475
13,2019,Series 1,Pitcher,SP,Gerrit Cole,R, CMD 3 R+2 ,390
14,2019,Series 1,Pitcher,SP,Alex Wood,U, CMD 5 ,460
15,2019,Series 1,Pitcher,SP,Stephen Strasburg,R, CMD 5 ,460
16,2019,Series 1,Pitcher,SP,Carlos Carrasco,U, CMD 5 ,455
17,2019,Series 1,Pitcher,SP,Wade LeBlanc,U, CMD 5 R+1 ,445
18,2019,Series 1,Pitcher,SP,James Paxton,U, CMD 5 ,445
19,2019,Series 1,Pitcher,SP,Jhoulys Chacin,U, CMD 5 ,445
20,2019,Series 1,Pitcher,SP,Brad Peacock,U, CMD 4 R+2 ,440
21,2019,Series 1,Pitcher,SP,Charlie Morton,U, CMD 4 R+2 ,435
22,2019,Series 1,Pitcher,SP,David Price,U, CMD 5 ,430
23,2019,Series 1,Pitcher,SP,Mike Clevinger,U, CMD 5 ,425
24,2019,Series 1,Pitcher,SP,Noah Syndergaard,U, CMD 4 R+1 ,415
25,2019,Series 1,Pitcher,SP,Nathan Eovaldi,C, CMD 5 ,410
26,2019,Series 1,Pitcher,SP,Madison Bumgarner,R, CMD 5 R+1 ,405
27,2019,Series 1,Pitcher,SP,Kyle Hendricks,C, CMD 5 ,400
28,2019,Series 1,Pitcher,SP,Rich Hill,U, CMD 5 ,400
29,2019,Series 1,Pitcher,SP,Daniel Mengden,U, CMD 5 ,400
30,2019,Series 1,Pitcher,SP,Masahiro Tanaka,C, CMD 5 R+1 ,400
31,2019,Series 1,Pitcher,SP,Luis Castillo,U, CMD 5 ,400
32,2019,Series 1,Pitcher,SP,Kyle Freeland,U, CMD 4 R+1 ,395
33,2019,Series 1,Pitcher,SP,German Marquez,U, CMD 4 R+1 ,395
34,2019,Series 1,Pitcher,SP,Mike Minor,U, CMD 5 ,395
35,2019,Series 1,Pitcher,SP,Trevor Bauer,C, CMD 4 ,390
36,2019,Series 1,Pitcher,SP,Collin McHugh,U, CMD 5 ,385
37,2019,Series 1,Pitcher,SP,Chase Anderson,U, CMD 4 R+1 ,385
38,2019,Series 1,Pitcher,SP,Jose Berrios,R, CMD 4 R+1 ,385
39,2019,Series 1,Pitcher,SP,Mike Foltynewicz,R, CMD 4 R+1 ,375
40,2019,Series 1,Pitcher,SP,Jameson Taillon,U, CMD 4 R+1 ,370
41,2019,Series 1,Pitcher,SP,Ivan Nova,C, CMD 4 ,370
42,2019,Series 1,Pitcher,SP,Mike Leake,U, CMD 4 R+1 ,360
43,2019,Series 1,Pitcher,SP,Jake Arrieta,U, CMD 4 R+1 ,360
44,2019,Series 1,Pitcher,SP,Patrick Corbin,U, CMD 4 ,360
45,2019,Series 1,Pitcher,SP,Dan Straily,C, CMD 4 ,360
46,2019,Series 1,Pitcher,SP,Zack Wheeler,C, CMD 4 L+1 ,355
47,2019,Series 1,Pitcher,SP,J.A. Happ,C, CMD 4 ,355
48,2019,Series 1,Pitcher,SP,Andrew Heaney,U, CMD 4 L+1 ,355
49,2019,Series 1,Pitcher,SP,Marcus Stroman,U, CMD 3 L+2 ,350
50,2019,Series 1,Pitcher,SP,Danny Duffy,U, CMD 4 R+1 ,345
51,2019,Series 1,Pitcher,SP,Jack Flaherty,C, CMD 4 ,345
52,2019,Series 1,Pitcher,SP,Jakob Junis,C, CMD 4 L+1 ,345
53,2019,Series 1,Pitcher,SP,Jon Lester,R, CMD 4 R+1 ,345
54,2019,Series 1,Pitcher,SP,Jose Quintana,C, CMD 4 ,340
55,2019,Series 1,Pitcher,SP,Chris Archer,C, CMD 3 L+2 ,340
56,2019,Series 1,Pitcher,SP,Michael Fulmer,U, CMD 3 R+2 ,340
57,2019,Series 1,Pitcher,SP,Robbie Ray,C, CMD 4 ,340
58,2019,Series 1,Pitcher,SP,Brandon Woodruff,C, CMD 4 ,335
59,2019,Series 1,Pitcher,SP,Kevin Gausman,C, CMD 3 R+1 ,335
60,2019,Series 1,Pitcher,SP,Kyle Gibson,U, CMD 4 ,335
61,2019,Series 1,Pitcher,SP,Marco Gonzales,C, CMD 4 ,335
62,2019,Series 1,Pitcher,SP,Cole Hamels,C, CMD 4 ,335
63,2019,Series 1,Pitcher,SP,Rick Porcello,C, CMD 4 ,330
64,2019,Series 1,Pitcher,SP,Alex Cobb,C, CMD 4 ,330
65,2019,Series 1,Pitcher,SP,Reynaldo Lopez,U, CMD 4 R+1 ,330
66,2019,Series 1,Pitcher,SP,Carlos Martinez,U, CMD 3 R+2 ,330
67,2019,Series 1,Pitcher,SP,Tanner Roark,C, CMD 4 ,325
68,2019,Series 1,Pitcher,SP,Robbie Erlin,C, CMD 4 ,325
69,2019,Series 1,Pitcher,SP,Zack Godley,C, CMD 4 R+1 ,320
70,2019,Series 1,Pitcher,SP,Trevor Williams,C, CMD 4 ,320
71,2019,Series 1,Pitcher,SP,Ian Kennedy,C, CMD 4 L+1 ,395
72,2019,Series 1,Pitcher,SP,Kenta Maeda,C, CMD 4 ,310
73,2019,Series 1,Pitcher,SP,Mike Fiers,C, CMD 4 R+1 ,310
74,2019,Series 1,Pitcher,SP,Revor Richards,C, CMD 4 ,310
75,2019,Series 1,Pitcher,SP,Julio Teheran,C, CMD 4 ,310
76,2019,Series 1,Pitcher,SP,Jose Urena,C, CMD 4 ,305
77,2019,Series 1,Pitcher,SP,Lance Lynn,C, CMD 3 R+2 ,305
78,2019,Series 1,Pitcher,SP,Antonio Senzatela,C, CMD 4 ,300
79,2019,Series 1,Pitcher,SP,Joe Musgrove,C, CMD 4 ,300
80,2019,Series 1,Pitcher,SP,Nick Pivetta,C, CMD 4 ,295
81,2019,Series 1,Pitcher,SP,Tyler Anderson,C, CMD 4 ,285
82,2019,Series 1,Pitcher,SP,Matthew Boyd,C, CMD 4 R+1 ,280
83,2019,Series 1,Pitcher,SP,Dylan Bundy,C, CMD 4 ,280
84,2019,Series 1,Pitcher,SP,Carlos Rodon,C, CMD 4 R+1 ,280
85,2019,Series 1,Pitcher,SP,Jeff Samardzija,C, CMD 4 ,270
86,2019,Series 1,Pitcher,SP,Joey Lucchesi,C, CMD 3 ,270
87,2019,Series 1,Pitcher,SP,Sean Newcomb,C, CMD 4 ,260
88,2019,Series 1,Pitcher,SP,Jake Odorizzi,C, CMD 3 ,255
89,2019,Series 1,Pitcher,SP,Eric Lauer,C, CMD 3 L+1 ,250
90,2019,Series 1,Pitcher,SP,Frankie Montas,C, CMD 2 R+2 ,250
91,2019,Series 1,Pitcher,SP,Michael Pineda,C, CMD 4 ,250
92,2019,Series 1,Pitcher,SP,Clayton Richard,C, CMD 3 L+2 ,245
93,2019,Series 1,Pitcher,SP,Wei-Yin Chen,C, CMD 4 ,240
94,2019,Series 1,Pitcher,SP,Anibal Sanchez,C, CMD 3 R+1 ,240
95,2019,Series 1,Pitcher,SP,Vince Velasquez,C, CMD 4 ,235
96,2019,Series 1,Pitcher,SP,Trevor Cahill,C, CMD 3 ,230
97,2019,Series 1,Pitcher,SP,Andrew Cashner,C, CMD 3 ,225
98,2019,Series 1,Pitcher,SP,Jordan Zimmermann,C, CMD 4 ,220
99,2019,Series 1,Pitcher,SP,Matt Shoemaker,C, CMD 3 R+1 ,220
100,2019,Series 1,Pitcher,SP,Chris Stratton,C, CMD 4 ,195
101,2019,Series 1,Pitcher,SP,Lucas Giolito,C, CMD 3 ,195
102,2019,Series 1,Pitcher,SP,Steven Matz,C, CMD 4 ,195
103,2019,Series 1,Pitcher,SP,Luke Weaver,C, CMD 4 ,175
104,2019,Series 1,Pitcher,SP,Andrew Triggs,C, CMD 3 ,165
105,2019,Series 1,Pitcher,SP,Tyler Glasnow,C, CMD 3 ,150
106,2019,Series 1,Pitcher,SP,Matt Harvey,C, CMD 2 R+2 ,145
107,2019,Series 1,Pitcher,SP,Ariel Jurado,C, CMD 2 R+2 ,140
108,2019,Series 1,Pitcher,SP,Tyson Ross,C, CMD 3 ,130
109,2019,Series 1,Pitcher,SP,Sam Gaviglio,C, CMD 7 ,435
110,2019,Series 1,Pitcher,RP,Josh Hader,R, CMD 5 ,320
111,2019,Series 1,Pitcher,RP,Sean Doolittle,U, CMD 5 ,290
112,2019,Series 1,Pitcher,RP,Diego Castillo,C, CMD 7 ,330
113,2019,Series 1,Pitcher,RP,Kenley Jansen,R, CMD 5 ,275
114,2019,Series 1,Pitcher,RP,Andrew Miller,U, CMD 4 ,325
115,2019,Series 1,Pitcher,RP,Chad Green,C, CMD 6 ,295
116,2019,Series 1,Pitcher,RP,Pat Neshek,U, CMD 5 R+2 ,255
117,2019,Series 1,Pitcher,RP,Yusmeiro Petit,U, CMD 7 ,295
118,2019,Series 1,Pitcher,RP,Pedro Strop,U, CMD 6 R+1 ,280
119,2019,Series 1,Pitcher,RP,Edwin Diaz,R, CMD 5 R+1 ,270
120,2019,Series 1,Pitcher,RP,Jose Alvarado,U, CMD 6 ,260
121,2019,Series 1,Pitcher,RP,Ryan Brasier,U, CMD 5 R+1 ,255
122,2019,Series 1,Pitcher,RP,Aroldis Chapman,U, CMD 5 L+1 ,255
123,2019,Series 1,Pitcher,RP,Keone Kela,U, CMD 5 R+2 ,245
124,2019,Series 1,Pitcher,RP,Wade Davis,R, CMD 5 R+1 ,240
125,2019,Series 1,Pitcher,RP,Roberto Osuna,C, CMD 6 ,240
126,2019,Series 1,Pitcher,RP,Taylor Rogers,C, CMD 5 L+1 ,240
127,2019,Series 1,Pitcher,RP,Blake Treinen,R, CMD 5 L+1 ,240
128,2019,Series 1,Pitcher,RP,Brad Hand,U, CMD 5 ,235
129,2019,Series 1,Pitcher,RP,Jose Leclerc,U, CMD 5 L+1 ,235
130,2019,Series 1,Pitcher,RP,Brandon Morrow,C, CMD 5 L+1 ,235
131,2019,Series 1,Pitcher,RP,Dellin Betances,U, CMD 5 L+1 ,230
132,2019,Series 1,Pitcher,RP,Alex Colome,R, CMD 5 ,230
133,2019,Series 1,Pitcher,RP,Yoshihisa Hirano,U, CMD 4 L+2 ,230
134,2019,Series 1,Pitcher,RP,Felipe Vazquez,R, CMD 5 ,230
135,2019,Series 1,Pitcher,RP,Kirby Yates,C, CMD 5 R+2 ,225
136,2019,Series 1,Pitcher,RP,Archie Bradley,U, CMD 5 R+1 ,220
137,2019,Series 1,Pitcher,RP,Raisel Iglesias,C, CMD 5 ,220
138,2019,Series 1,Pitcher,RP,Carl Edwards Jr.,U, CMD 5 ,215
139,2019,Series 1,Pitcher,RP,Richard Rodriguez,C, CMD 5 ,215
140,2019,Series 1,Pitcher,RP,Tony Watson,U, CMD 4 L+2 ,215
141,2019,Series 1,Pitcher,RP,Tyler Olson,C, CMD 4 R+2 ,210
142,2019,Series 1,Pitcher,RP,Craig Stammen,U, CMD 5 R+1 ,210
143,2019,Series 1,Pitcher,RP,Matt Strahm,C, CMD 4 R+2 ,210
144,2019,Series 1,Pitcher,RP,Arodys Vizcaino,U, CMD 4 L+2 ,210
145,2019,Series 1,Pitcher,RP,John Brebbia,C, CMD 5 R+1 ,205
146,2019,Series 1,Pitcher,RP,Will Harris,C, CMD 5 R+1 ,205
147,2019,Series 1,Pitcher,RP,Corey Knebel,C, CMD 5 ,205
148,2019,Series 1,Pitcher,RP,Addison Reed,U, CMD 5 ,205
149,2019,Series 1,Pitcher,RP,Richard Bleier,C, CMD 5 ,200
150,2019,Series 1,Pitcher,RP,Chaz Roe,U, CMD 5 ,200
151,2019,Series 1,Pitcher,RP,Anthony Swarzak,C, CMD 5 R+1 ,200
152,2019,Series 1,Pitcher,RP,Ken Giles,C, CMD 5 ,195
153,2019,Series 1,Pitcher,RP,Seung Hwan Oh,C, CMD 4 R+2 ,195
154,2019,Series 1,Pitcher,RP,Joakim Soria,C, CMD 4 R+1 ,195
155,2019,Series 1,Pitcher,RP,Jesse Chavez,C, CMD 5 ,190
156,2019,Series 1,Pitcher,RP,Shane Greene,C, CMD 4 ,190
157,2019,Series 1,Pitcher,RP,Jared Hughes,C, CMD 4 R+1 ,190
158,2019,Series 1,Pitcher,RP,Tommy Hunter,C, CMD 4 R+1 ,190
159,2019,Series 1,Pitcher,RP,Kevin McCarthy,C, CMD 5 ,190
160,2019,Series 1,Pitcher,RP,Ryan Pressly,U, CMD 5 ,190
161,2019,Series 1,Pitcher,RP,Scott Alexander,C, CMD 4 L+1 ,185
162,2019,Series 1,Pitcher,RP,Shawn Armstrong,C, CMD 5 ,180
163,2019,Series 1,Pitcher,RP,Jarlin Garcia,C, CMD 4 L+1 ,180
164,2019,Series 1,Pitcher,RP,Mychal Givens,U, CMD 5 ,180
165,2019,Series 1,Pitcher,RP,Darren O'Day,C, CMD 4 R+2 ,180
166,2019,Series 1,Pitcher,RP,Jace Fry,C, CMD 4 R+1 ,175
167,2019,Series 1,Pitcher,RP,Joe Kelly,C, CMD 4 L+1 ,175
168,2019,Series 1,Pitcher,RP,Jeremy Jeffress,C, CMD 4 ,170
169,2019,Series 1,Pitcher,RP,Matt Barnes,U, CMD 3 R+2 ,165
170,2019,Series 1,Pitcher,RP,Dan Otero,C, CMD 4 R+1 ,165
171,2019,Series 1,Pitcher,RP,Adam Conley,C, CMD 3 L+1 ,160
172,2019,Series 1,Pitcher,RP,Luis Garcia,C, CMD 3 L+1 ,160
173,2019,Series 1,Pitcher,RP,Blaine Hardy,C, CMD 4 R+1 ,160
174,2019,Series 1,Pitcher,RP,Scott Oberg,C, CMD 4 R+1 ,160
175,2019,Series 1,Pitcher,RP,Robert Gsellman,C, CMD 4 R+1 ,155
176,2019,Series 1,Pitcher,RP,Jeurys Familia,C, CMD 4 R+1 ,155
177,2019,Series 1,Pitcher,RP,Nate Jones,C, CMD 3 L+1 ,155
178,2019,Series 1,Pitcher,RP,Chris Martin,C, CMD 3 ,155
179,2019,Series 1,Pitcher,RP,Chasen Bradford,C, CMD 4 ,150
180,2019,Series 1,Pitcher,RP,Drew Steckenrider,C, CMD 3 R+2 ,150
181,2019,Series 1,Pitcher,RP,Mike Wright,C, CMD 3 ,150
182,2019,Series 1,Pitcher,RP,Heath Hembree,C, CMD 4 ,150
183,2019,Series 1,Pitcher,RP,Cam Bedrosian,C, CMD 4 ,145
184,2019,Series 1,Pitcher,RP,Andrew Chafin,C, CMD 4 ,145
185,2019,Series 1,Pitcher,RP,Tim Hill,C, CMD 4 R+1 ,140
186,2019,Series 1,Pitcher,RP,Ryan Tepera,C, CMD 4 L+1 ,140
187,2019,Series 1,Pitcher,RP,Miguel Castro,C, CMD 4 ,135
188,2019,Series 1,Pitcher,RP,Brian Flynn,C, CMD 4 ,135
189,2019,Series 1,Pitcher,RP,Sam Freeman,C, CMD 3 R+1 ,135
190,2019,Series 1,Pitcher,RP,Matt Grace,C, CMD 3 L+1 ,135
191,2019,Series 1,Pitcher,RP,Adam Morgan,C, CMD 3 ,125
192,2019,Series 1,Pitcher,RP,Kyle Barraclough,C, CMD 3 ,115
193,2019,Series 1,Pitcher,RP,Buck Farmer,C, CMD 3 L+1 ,115
194,2019,Series 1,Pitcher,RP,Hansel Robles,C, CMD 3 R+1 ,115
195,2019,Series 1,Pitcher,RP,Amir Garrett,C, CMD 3 ,110
196,2019,Series 1,Pitcher,RP,Mark Melancon,C, CMD 3 ,105
197,2019,Series 1,Pitcher,RP,Joe Biagini,C, CMD 3 ,95
198,2019,Series 1,Pitcher,RP,Trevor Hildenberger,C, CMD 4 ,95
199,2019,Series 1,Pitcher,RP,Sam Dyson,C, CMD 3 R+1 ,90
200,2019,Series 1,Pitcher,RP,Luke Gregerson,C, CMD 4 ,90
201,2019,Series 1,Batter,C,J.T. Realmuto,R, OB 12 ,450
202,2019,Series 1,Batter,C,Buster Posey,R, OB 13 L+1 ,435
203,2019,Series 1,Batter,C,Francisco Cervelli,U, OB 13 ,355
204,2019,Series 1,Batter,C,Willson Contreras,U, OB 12 L+1 ,340
205,2019,Series 1,Batter,C,Tucker Barnhart,U, OB 12 ,335
206,2019,Series 1,Batter,C,Kurt Suzuki,U, OB 12 ,330
207,2019,Series 1,Batter,C,Salvador Perez,U, OB 12 L+2 ,315
208,2019,Series 1,Batter,C,Yadier Molina,U, OB 10 ,300
209,2019,Series 1,Batter,C,Jorge Alfaro,C, OB 11 ,295
210,2019,Series 1,Batter,C,Gary Sanchez,C, OB 11 R+1 ,285
211,2019,Series 1,Batter,C,Jonathan Lucroy,C, OB 11 ,280
212,2019,Series 1,Batter,C,Wilson Ramos,C, OB 11 ,255
213,2019,Series 1,Batter,C,Tyler Flowers,U, OB 12 ,245
214,2019,Series 1,Batter,C,Mike Zunino,C, OB 10 ,225
215,2019,Series 1,Batter,C,Tony Wolters,C, OB 11 ,175
216,2019,Series 1,Batter,C,Jason Castro,C, OB 11 ,115
217,2019,Series 1,Batter,C,James McCann,C, OB 10 ,110
218,2019,Series 1,Batter,C,John Hicks,C, OB 11 ,100
219,2019,Series 1,Batter,C,Erik Kratz,C, OB 10 ,95
220,2019,Series 1,Batter,C,Austin Wynns,C, OB 9 R+2 ,70
221,2019,Series 1,Batter,1B,Paul Goldschmidt,R, OB 14 ,530
222,2019,Series 1,Batter,1B,Freddie Freeman,R, OB 14 ,480
223,2019,Series 1,Batter,1B,Joey Votto,R, OB 15 ,470
224,2019,Series 1,Batter,1B,Anthony Rizzo,R, OB 13 R+1 ,410
225,2019,Series 1,Batter,1B,Rhys Hoskins,R, OB 13 ,365
226,2019,Series 1,Batter,1B,Ryan Zimmerman,C, OB 12 L+1 ,315
227,2019,Series 1,Batter,1B,Matt Olson,U, OB 12 ,310
228,2019,Series 1,Batter,1B,Jesus Aguilar,C, OB 12 ,305
229,2019,Series 1,Batter,1B,Justin Bour,C, OB 12 R+1 ,265
230,2019,Series 1,Batter,1B,Ji-Man Choi,C, OB 12 ,260
231,2019,Series 1,Batter,1B,Edwin Encarnacion,C, OB 11 R+2 ,260
232,2019,Series 1,Batter,1B,Ryan O-Hearn,C, OB 11 R+2 ,255
233,2019,Series 1,Batter,1B,Jose Abreau,U, OB 11 L+1 ,250
234,2019,Series 1,Batter,1B,Brandon Belt,U, OB 12 R+1 ,240
235,2019,Series 1,Batter,1B,Justin Smoak,U, OB 12 ,210
236,2019,Series 1,Batter,1B,Yuli Gurriel,C, OB 11 ,200
237,2019,Series 1,Batter,1B,Eric Hosmer,C, OB 11 R+2 ,190
238,2019,Series 1,Batter,1B,Miguel Cabrera,C, OB 11 L+2 ,180
239,2019,Series 1,Batter,1B,Yonder Alonso,C, OB 11 R+1 ,175
240,2019,Series 1,Batter,1B,Carlos Santana,C, OB 12 ,160
241,2019,Series 1,Batter,1B,Josh Bell,C, OB 12 ,155
242,2019,Series 1,Batter,1B,Kendrys Morales,C, OB 11 ,110
243,2019,Series 1,Batter,1B,Jake Bauers,C, OB 11 R+1 ,85
244,2019,Series 1,Batter,1B,Mark Trumbo,C, OB 10 ,50
245,2019,Series 1,Batter,1B/2B,Daniel Murphy,C, OB 12 R+1 ,350
246,2019,Series 1,Batter,1B/2B,Robinson Cano,U, OB 12 R+1 ,330
247,2019,Series 1,Batter,1B/3B,Matt Carpenter,U, OB 14 ,485
248,2019,Series 1,Batter,1B/3B,Max Muncy,R, OB 13 ,420
249,2019,Series 1,Batter,1B/3B,Jake Lamb,U, OB 11 R+2 ,220
250,2019,Series 1,Batter,1B/3B,Wil Myers,C, OB 11 ,145
251,2019,Series 1,Batter,1B/3B,Pedro Alvarez,C, OB 9 L+2 ,50
252,2019,Series 1,Batter,1B/LF/RF,Trey Mancini,C, OB 11 ,150
253,2019,Series 1,Batter,1B/LF/RF,Ian Desmond,C, OB 11 ,115
254,2019,Series 1,Batter,1B/CF,Cody Bellinger,C, OB 12 ,250
255,2019,Series 1,Batter,1B/OF,Joey Gallo,U, OB 11 ,250
256,2019,Series 1,Batter,2B,Jose Altuve,R, OB 14 ,505
257,2019,Series 1,Batter,2B,Scooter Gennett,C, OB 13 ,350
258,2019,Series 1,Batter,2B,Cesar Hernandez,U, OB 12 R+1 ,350
259,2019,Series 1,Batter,2B,Dustin Pedroia,C, OB 12 L+2 ,310
260,2019,Series 1,Batter,2B,Ozzie Albies,C, OB 11 L+1 ,300
261,2019,Series 1,Batter,2B,Joe Panik,C, OB 12 ,295
262,2019,Series 1,Batter,2B,Kolten Wong,C, OB 12 ,285
263,2019,Series 1,Batter,2B,Dee Gordon,C, OB 11 ,280
264,2019,Series 1,Batter,2B,Starlin Castro,C, OB 12 ,235
265,2019,Series 1,Batter,2B,Jonathan Schoop,C, OB 11 ,185
266,2019,Series 1,Batter,2B,Jason Kipnis,C, OB 11 ,150
267,2019,Series 1,Batter,2B,Yoan Moncada,C, OB 11 ,120
268,2019,Series 1,Batter,2B,Rougned Odor,C, OB 10 ,85
269,2019,Series 1,Batter,2B/3B,Jose Ramirez,R, OB 13 ,570
270,2019,Series 1,Batter,2B/3B,Travis Shaw,U, OB 12 R+1 ,345
271,2019,Series 1,Batter,2B/3B,Ian Kinsler,U, OB 11 ,235
272,2019,Series 1,Batter,2B/3B,Jurickson Profar,C, OB 12 ,210
273,2019,Series 1,Batter,2B/3B,Eduardo Escobar,C, OB 11 ,190
274,2019,Series 1,Batter,2B/SS,Javier Baez,U, OB 11 L+1 ,390
275,2019,Series 1,Batter,2B/SS,Gleyber Torres,U, OB 12 ,310
276,2019,Series 1,Batter,2B/SS,Adalberto Mondesi,C, OB 10 ,190
277,2019,Series 1,Batter,2B/SS,Jonathan Villar,C, OB 11 ,180
278,2019,Series 1,Batter,2B/LF/RF,Chris Taylor,U, OB 12 ,300
279,2019,Series 1,Batter,2B/CF,Whit Merrifield,R, OB 12 ,375
280,2019,Series 1,Batter,2B/CF,Ketel Marte,C, OB 11 L+1 ,210
281,2019,Series 1,Batter,2B/OF,Adam Frazier,C, OB 11 R+1 ,260
282,2019,Series 1,Batter,3B,Nolan Arenado,R, OB 12 L+2 ,580
283,2019,Series 1,Batter,3B,Justin Turner,U, OB 14 L+1 ,485
284,2019,Series 1,Batter,3B,Anthony Rendon,U, OB 13 ,445
285,2019,Series 1,Batter,3B,Kris Bryant,U, OB 13 L+1 ,385
286,2019,Series 1,Batter,3B,Eugenio Suarez,U, OB 12 ,360
287,2019,Series 1,Batter,3B,Matt Chapman,U, OB 13 ,350
288,2019,Series 1,Batter,3B,Matt Duffy,C, OB 12 L+1 ,380
289,2019,Series 1,Batter,3B,Miguel Andujar,U, OB 12 ,330
290,2019,Series 1,Batter,3B,Evan Longoria,C, OB 11 ,210
291,2019,Series 1,Batter,3B,Todd Frazier,C, OB 11 ,190
292,2019,Series 1,Batter,3B,Yolmer Sanchez,C, OB 10 R+1 ,185
293,2019,Series 1,Batter,3B,Rafael Devers,C, OB 11 ,180
294,2019,Series 1,Batter,3B,Renato Nunez,C, OB 11 R+1 ,180
295,2019,Series 1,Batter,3B,Jeimer Candelario,C, OB 11 L+1 ,165
296,2019,Series 1,Batter,3B,Colin Moran,C, OB 11 R+1 ,135
297,2019,Series 1,Batter,3B,Kyle Seager,C, OB 10 ,125
298,2019,Series 1,Batter,3B,Maikel Franco,C, OB 10 ,55
299,2019,Series 1,Batter,3B,Martin Prado,C, OB 10 ,50
300,2019,Series 1,Batter,3B/SS,Alex Bregman,U, OB 13 ,420
301,2019,Series 1,Batter,3B/SS,Zack Cozart,C, OB 12 ,290
302,2019,Series 1,Batter,3B/LF/RF,Brian Anderson,U, OB 12 ,260
303,2019,Series 1,Batter,SS,Francisco Lindor,R, OB 12 L+1 ,525
304,2019,Series 1,Batter,SS,Trevor Story,U, OB 11 L+1 ,400
305,2019,Series 1,Batter,SS,Andrelton Simmons,U, OB 12 ,390
306,2019,Series 1,Batter,SS,Corey Seager,C, OB 13 ,385
307,2019,Series 1,Batter,SS,Xander Bogaerts,U, OB 12 L+1 ,375
308,2019,Series 1,Batter,SS,Trea Turner,R, OB 12 ,345
309,2019,Series 1,Batter,SS,Carlos Correa,U, OB 12 L+1 ,305
310,2019,Series 1,Batter,SS,Jean Segura,U, OB 12 ,300
311,2019,Series 1,Batter,SS,Elvis Andrus,U, OB 11 ,245
312,2019,Series 1,Batter,SS,Paul DeJong,C, OB 11 ,230
313,2019,Series 1,Batter,SS,Jose Peraza,C, OB 11 ,215
314,2019,Series 1,Batter,SS,Nick Ahmed,C, OB 11 ,210
315,2019,Series 1,Batter,SS,Brandon Crawford,U, OB 10 L+1 ,210
316,2019,Series 1,Batter,SS,Willy Adames,C, OB 12 ,205
317,2019,Series 1,Batter,SS,Lourdes Gurriel Jr.,C, OB 10 L+1 ,200
318,2019,Series 1,Batter,SS,Marcus Semien,C, OB 11 ,195
319,2019,Series 1,Batter,SS,Dansby Swanson,C, OB 11 ,190
320,2019,Series 1,Batter,SS,Orlando Arcia,C, OB 11 ,170
321,2019,Series 1,Batter,SS,Jordy Mercer,C, OB 11 ,160
322,2019,Series 1,Batter,SS,J.P. Crawford,C, OB 11 R+1 ,145
323,2019,Series 1,Batter,SS,Amed Rosario,C, OB 10 ,120
324,2019,Series 1,Batter,SS,Tim Anderson,C, OB 9 L+1 ,65
325,2019,Series 1,Batter,IF,Iasiah Kiner-Falefa,C, OB 11 L+1 ,195
326,2019,Series 1,Batter,IF,Miguel Rojas,C, OB 11 ,125
327,2019,Series 1,Batter,IF,Niko Goodrum,C, OB 10 L+1 ,110
328,2019,Series 1,Batter,IF,Ryan McMahon,C, OB 10 L+2 ,95
329,2019,Series 1,Batter,LF/RF,J.D. Martinez,R, OB 14 ,600
330,2019,Series 1,Batter,LF/RF,Aaron Judge,R, OB 14 ,515
331,2019,Series 1,Batter,LF/RF,Giancarlo Stanton,R, OB 12 L+1 ,445
332,2019,Series 1,Batter,LF/RF,Charlie Blackmon,U, OB 13 ,435
333,2019,Series 1,Batter,LF/RF,David Peralta,U, OB 13 R+1 ,395
334,2019,Series 1,Batter,LF/RF,Juan Soto,R, OB 12 R+1 ,370
335,2019,Series 1,Batter,LF/RF,Nelson Cruz,C, OB 12 L+1 ,355
336,2019,Series 1,Batter,LF/RF,Adam Eaton,C, OB 13 ,355
337,2019,Series 1,Batter,LF/RF,Khris Davis,R, OB 12 ,350
338,2019,Series 1,Batter,LF/RF,Marcell Ozuna,C, OB 13 ,355
339,2019,Series 1,Batter,LF/RF,Andrew McCutchen,C, OB 12 ,345
340,2019,Series 1,Batter,LF/RF,Justin Upton,U, OB 13 ,325
341,2019,Series 1,Batter,LF/RF,Michael Brantley,C, OB 12 ,300
342,2019,Series 1,Batter,LF/RF,Corey Dickerson,U, OB 12 R+1 ,295
343,2019,Series 1,Batter,LF/RF,Franmil Reyes,C, OB 11 ,290
344,2019,Series 1,Batter,LF/RF,Yasiel Puig,C, OB 11 L+2 ,290
345,2019,Series 1,Batter,LF/RF,Josh Reddick,C, OB 11 R+1 ,285
346,2019,Series 1,Batter,LF/RF,Domingo Santana,C, OB 12 ,275
347,2019,Series 1,Batter,LF/RF,Shin-Soo Choo,C, OB 13 ,255
348,2019,Series 1,Batter,LF/RF,Eddie Rosario,U, OB 11 ,250
349,2019,Series 1,Batter,LF/RF,Stephen Piscotty,C, OB 12 ,245
350,2019,Series 1,Batter,LF/RF,Nicholas Castellanos,U, OB 11 L+1 ,235
351,2019,Series 1,Batter,LF/RF,Kyle Schwarber,C, OB 12 ,215
352,2019,Series 1,Batter,LF/RF,Nomar Mazara,C, OB 11 R+1 ,185
353,2019,Series 1,Batter,LF/RF,Hunter Renfroe,C, OB 10 L+1 ,170
354,2019,Series 1,Batter,LF/RF,Kole Calhoun,C, OB 12 ,165
355,2019,Series 1,Batter,LF/RF,Austin Slater,C, OB 11 ,165
356,2019,Series 1,Batter,LF/RF,Ryan Braun,C, OB 11 ,160
357,2019,Series 1,Batter,LF/RF,Alex Gordon,C, OB 11 ,150
358,2019,Series 1,Batter,CF,Teoscar Hernandez,C, OB 10 R+1 ,105
359,2019,Series 1,Batter,CF,Tyler Naquin,C, OB 10 ,90
360,2019,Series 1,Batter,CF,Mike Trout,R, OB 15 ,690
361,2019,Series 1,Batter,CF,Lorenzo Cain,R, OB 13 ,465
362,2019,Series 1,Batter,CF,Ender Inciarte,U, OB 13 ,420
363,2019,Series 1,Batter,CF,Aaron Hicks,C, OB 12 ,370
364,2019,Series 1,Batter,CF,Delino DeShields,C, OB 12 ,320
365,2019,Series 1,Batter,CF,Starling Marte,U, OB 11 R+1 ,315
366,2019,Series 1,Batter,CF,Mallex Smith,U, OB 12 ,305
367,2019,Series 1,Batter,CF,Michael A. Taylor,C, OB 11 ,295
368,2019,Series 1,Batter,CF,Kevin Kiermaier,U, OB 11 ,285
369,2019,Series 1,Batter,CF,Jackie Bradley Jr.,U, OB 11 ,265
370,2019,Series 1,Batter,CF,Harrison Bader,C, OB 11 L+1 ,260
371,2019,Series 1,Batter,CF,Albert Almora Jr.,C, OB 11 L+1 ,240
372,2019,Series 1,Batter,CF,Billy Hamilton,U, OB 10 R+1 ,235
373,2019,Series 1,Batter,CF,Byron Buxton,C, OB 10 L+1 ,190
374,2019,Series 1,Batter,CF,Manuel Margot,C, OB 11 ,185
375,2019,Series 1,Batter,CF,Steven Duggar,C, OB 10 L+2 ,175
376,2019,Series 1,Batter,OF,Kevin Pillar,C, OB 10 ,150
377,2019,Series 1,Batter,OF,Leonys Martin,C, OB 10 R+1 ,140
378,2019,Series 1,Batter,OF,Mookie Betts,R, OB 13 L+1 ,675
379,2019,Series 1,Batter,OF,Christian Yelich,R, OB 13 ,530
380,2019,Series 1,Batter,OF,Tommy Pham,U, OB 13 ,425
381,2019,Series 1,Batter,OF,Ronald Acuna Jr.,R, OB 12 L+1 ,400
382,2019,Series 1,Batter,OF,Mitch Haniger,U, OB 13 ,365
383,2019,Series 1,Batter,OF,George Springer,U, OB 13 R+1 ,345
384,2019,Series 1,Batter,OF,Andrew Benintendi,C, OB 12 L+1 ,320
385,2019,Series 1,Batter,OF,Michael Conforto,R, OB 12 R+1 ,315
386,2019,Series 1,Batter,OF,Jason Heyward,C, OB 12 R+1 ,310
387,2019,Series 1,Batter,OF,Brett Gardner,C, OB 12 ,295
388,2019,Series 1,Batter,OF,Brandon Nimmo,U, OB 11 R+1 ,280
389,2019,Series 1,Batter,OF,Max Kepler,C, OB 11 R+1 ,235
390,2019,Series 1,Batter,OF,Jarrod Dyson,C, OB 11 ,200
391,2019,Series 1,Batter,OF,Brian Goodwin,C, OB 11 L+1 ,195
392,2019,Series 1,Batter,OF,Joc Pederson,C, OB 11 R+1 ,195
393,2019,Series 1,Batter,OF,Randal Grichuk,C, OB 10 ,185
394,2019,Series 1,Batter,OF,Odubel Herrera,C, OB 11 ,175
395,2019,Series 1,Batter,OF,Travais Jankowski,C, OB 11 R+1 ,175
396,2019,Series 1,Batter,OF,Scott Schebler,C, OB 11 ,135
397,2019,Series 1,Batter,U,Joey Rickard,C, OB 10 ,65
398,2019,Series 1,Batter,U,Rajai Davis,C, OB 10 ,50
399,2019,Series 1,Batter,LF/RF,Joey Wendle,U, OB 12 ,285
400,2019,Series 1,Batter,LF/RF,Enrique Hernandez,C, OB 11 L+1 ,210
401,2019,Series 2,Pitcher,SP,Yonny Chirinos,U, CMD 4 ,355
402,2019,Series 2,Pitcher,SP,Gio Gonzalez,R, CMD 4 L+1 ,370
403,2019,Series 2,Pitcher,SP,Sonny Gray,U, CMD 4 ,295
404,2019,Series 2,Pitcher,SP,Felix Hernandez,C, CMD 4 ,260
405,2019,Series 2,Pitcher,SP,David Hess,C, CMD 4 ,260
406,2019,Series 2,Pitcher,SP,Brad Keller,C, CMD 3 R+2 ,365
407,2019,Series 2,Pitcher,SP,Felix Pena,C, CMD 3 R+1 ,360
408,2019,Series 2,Pitcher,SP,Drew Pomeranz,C, CMD 3 ,240
409,2019,Series 2,Pitcher,SP,Edinson Volquez,C, CMD 2 R+2 ,220
410,2019,Series 2,Pitcher,SP,Adam Wainwright,C, CMD 3 ,235
411,2019,Series 2,Pitcher,RP,Matt Albers,C, CMD 4 R+1 ,145
412,2019,Series 2,Pitcher,RP,Justin Anderson,C, CMD 3 R+1 ,130
413,2019,Series 2,Pitcher,RP,Matt Andriese,C, CMD 3 L+1 ,145
414,2019,Series 2,Pitcher,RP,Pedro Baez,C, CMD 4 ,160
415,2019,Series 2,Pitcher,RP,Jalen Beeks,U, CMD 2 L+2 ,185
416,2019,Series 2,Pitcher,RP,Brad Boxberger,C, CMD 4 ,130
417,2019,Series 2,Pitcher,RP,Austin Brice,C, CMD 4 ,150
418,2019,Series 2,Pitcher,RP,Aaron Bummer,C, CMD 2 L+2 ,110
419,2019,Series 2,Pitcher,RP,Adam Cimber,C, CMD 3 R+2 ,130
420,2019,Series 2,Pitcher,RP,Steve Cishek,R, CMD 5 R+2 ,275
421,2019,Series 2,Pitcher,RP,Alex Claudio,C, CMD 3 L+2 ,160
422,2019,Series 2,Pitcher,RP,Kyle Crick,U, CMD 5 ,195
423,2019,Series 2,Pitcher,RP,Chris Devenski,U, CMD 5 L+2 ,195
424,2019,Series 2,Pitcher,RP,Jake Diekman,C, CMD 2 R+2 ,130
425,2019,Series 2,Pitcher,RP,Seranthony Dominguez,R, CMD 6 R+1 ,320
426,2019,Series 2,Pitcher,RP,Mike Dunn,C, CMD 2 ,70
427,2019,Series 2,Pitcher,RP,Roenis Elias,U, CMD 4 R+1 ,210
428,2019,Series 2,Pitcher,RP,Wilmer Font,C, CMD 3 R+1 ,150
429,2019,Series 2,Pitcher,RP,John Gant,C, CMD 4 ,165
430,2019,Series 2,Pitcher,RP,Cory Gearrin,C, CMD 4 ,165
431,2019,Series 2,Pitcher,RP,Jeanmar Gomez,C, CMD 2 L+2 ,60
432,2019,Series 2,Pitcher,RP,Liam Hendriks,C, CMD 4 L+1 ,135
433,2019,Series 2,Pitcher,RP,David Hernandez,R, CMD 6 ,245
434,2019,Series 2,Pitcher,RP,Kelvin Herrera,C, CMD 4 R+1 ,150
435,2019,Series 2,Pitcher,RP,Jordan Hicks,C, CMD 3 R+2 ,160
436,2019,Series 2,Pitcher,RP,Jonathan Holder,U, CMD 5 ,190
437,2019,Series 2,Pitcher,RP,Greg Holland,C, CMD 4 ,150
438,2019,Series 2,Pitcher,RP,Luke Jackson,C, CMD 3 ,65
439,2019,Series 2,Pitcher,RP,Joe Jimenez,C, CMD 3 ,90
440,2019,Series 2,Pitcher,RP,Shawn Kelley,C, CMD 5 R+1 ,175
441,2019,Series 2,Pitcher,RP,Brandon Kintzler,C, CMD 4 ,160
442,2019,Series 2,Pitcher,RP,Derek Law,C, CMD 2 ,60
443,2019,Series 2,Pitcher,RP,Francisco Liriano,C, CMD 2 L+2 ,65
444,2019,Series 2,Pitcher,RP,Michael Lorenzen,U, CMD 3 R+1 ,175
445,2019,Series 2,Pitcher,RP,Aaron Loup,C, CMD 2 L+1 ,90
446,2019,Series 2,Pitcher,RP,Seth Lugo,U, CMD 4 ,225
447,2019,Series 2,Pitcher,RP,Trevor May,U, CMD 6 ,225
448,2019,Series 2,Pitcher,RP,Tim Mayza,C, CMD 2 R+2 ,125
449,2019,Series 2,Pitcher,RP,Justin Miller,U, CMD 5 R+1 ,190
450,2019,Series 2,Pitcher,RP,Reyes Moronta,U, CMD 5 ,220
451,2019,Series 2,Pitcher,RP,Hector Neris,C, CMD 4 R+1 ,175
452,2019,Series 2,Pitcher,RP,Adam Ottavino,R, CMD 4 ,155
453,2019,Series 2,Pitcher,RP,Blake Parker,U, CMD 6 ,220
454,2019,Series 2,Pitcher,RP,Luis Perdomo,C, CMD 2 R+1 ,60
455,2019,Series 2,Pitcher,RP,Noe Ramirez,C, CMD 4 R+1 ,160
456,2019,Series 2,Pitcher,RP,Sergio Romo,C, CMD 5 ,180
457,2019,Series 2,Pitcher,RP,Hector Rondon,C, CMD 4 R+1 ,140
458,2019,Series 2,Pitcher,RP,Bryan Shaw,C, CMD 3 ,95
459,2019,Series 2,Pitcher,RP,Tony Sipp,C, CMD 5 ,175
460,2019,Series 2,Pitcher,RP,Will Smith,R, CMD 5 L+2 ,255
461,2019,Series 2,Pitcher,RP,Ryne Stanek,C, CMD 4 L+1 ,150
462,2019,Series 2,Pitcher,RP,Ross Stripling,R, CMD 5 ,300
463,2019,Series 2,Pitcher,RP,Daniel Stumpf,C, CMD 2 L+2 ,75
464,2019,Series 2,Pitcher,RP,Josh Tomlin,C, CMD 3 R+1 ,120
465,2019,Series 2,Pitcher,RP,Lou Trivino,C, CMD 4 R+1 ,170
466,2019,Series 2,Pitcher,RP,Hector Velazquez,C, CMD 3 R+1 ,195
467,2019,Series 2,Pitcher,RP,Matt Wisler,C, CMD 3 L+1 ,180
468,2019,Series 2,Pitcher,RP,Nick Wittgren,C, CMD 3 R+2 ,180
469,2019,Series 2,Pitcher,RP,Brandon Workman,U, CMD 5 ,190
470,2019,Series 2,Pitcher,RP,Jimmy Yacabonis,C, CMD 2 R+2 ,170
471,2019,Series 2,Batter,C,Alex Avila,C, OB 12 R+1 ,245
472,2019,Series 2,Batter,C,Austin Barnes,U, OB 13 ,315
473,2019,Series 2,Batter,C,Robinson Chirinos,C, OB 12 L+1 ,270
474,2019,Series 2,Batter,C,Yasmani Grandal,C, OB 12 ,310
475,2019,Series 2,Batter,C,Austin Hedges,C, OB 9 ,50
476,2019,Series 2,Batter,C,Luke Maile,C, OB 9 ,95
477,2019,Series 2,Batter,C,Jeff Mathis,C, OB 9 L+2 ,85
478,2019,Series 2,Batter,C,Omar Narvaez,U, OB 13 ,355
479,2019,Series 2,Batter,C,Josh Phegley,C, OB 9 R+2 ,80
480,2019,Series 2,Batter,C,Kevin Plawecki,C, OB 11 ,50
481,2019,Series 2,Batter,C,Christian Vazquez,C, OB 11 ,215
482,2019,Series 2,Batter,C,Stephen Vogt,C, OB 10 R+1 ,55
483,2019,Series 2,Batter,1B,C.J. Cron,C, OB 11 ,175
484,2019,Series 2,Batter,1B,Mitch Moreland,C, OB 11 ,110
485,2019,Series 2,Batter,1B,Luke Voit,U, OB 12 ,305
486,2019,Series 2,Batter,1B/3B,Yandy Diaz,U, OB 13 ,250
487,2019,Series 2,Batter,1B/LF/RF,Tyler Austin,C, OB 10 L+1 ,140
488,2019,Series 2,Batter,1B/LF/RF,Jose Martinez,U, OB 12 L+1 ,275
489,2019,Series 2,Batter,1B/LF/RF,Dominic Smith,C, OB 9 ,70
490,2019,Series 2,Batter,2B/3B,Hanser Alberto,C, OB 9 L+1 ,55
491,2019,Series 2,Batter,2B/3B,David Fletcher,C, OB 11 ,180
492,2019,Series 2,Batter,2B/3B,Logan Forsythe,C, OB 12 ,215
493,2019,Series 2,Batter,2B/3B,DJ LeMahieu,R, OB 12 L+1 ,370
494,2019,Series 2,Batter,2B/3B,Mike Moustakas,U, OB 11 ,225
495,2019,Series 2,Batter,2B/SS,Eric Sogard,C, OB 12 ,180
496,2019,Series 2,Batter,2B/LF/RF,Howie Kendrick,U, OB 12 ,265
497,2019,Series 2,Batter,2B/LF/RF,Jeff McNeil,R, OB 12 R+1 ,365
498,2019,Series 2,Batter,3B,Josh Donaldson,U, OB 13 ,355
499,2019,Series 2,Batter,3B/SS,Johan Camargo,C, OB 12 ,290
500,2019,Series 2,Batter,3B/SS,Manny Machado,R, OB 12 ,430
501,2019,Series 2,Batter,SS,Jose Iglesias,C, OB 11 ,240
502,2019,Series 2,Batter,SS,Jorge Polanco,C, OB 11 R+1 ,205
503,2019,Series 2,Batter,IF,Tim Beckham,C, OB 11 ,125
504,2019,Series 2,Batter,IF,Daniel Descalso,C, OB 12 ,200
505,2019,Series 2,Batter,IF,Brandon Drury,C, OB 11 ,145
506,2019,Series 2,Batter,IF,Wilmer Flores,C, OB 11 ,145
507,2019,Series 2,Batter,IF,Erik Gonzalez,C, OB 10 R+1 ,130
508,2019,Series 2,Batter,IF,Ronny Rodriguez,C, OB 9 ,50
509,2019,Series 2,Batter,LF/RF,Melky Cabrera,C, OB 11 ,150
510,2019,Series 2,Batter,LF/RF,Dexter Fowler,C, OB 11 ,85
511,2019,Series 2,Batter,LF/RF,Carlos Gonzalez,U, OB 11 R+2 ,285
512,2019,Series 2,Batter,LF/RF,Robbie Grossman,C, OB 12 L+1 ,225
513,2019,Series 2,Batter,LF/RF,Mikie Mahtook,C, OB 11 ,160
514,2019,Series 2,Batter,LF/RF,Nick Markakis,R, OB 13 ,395
515,2019,Series 2,Batter,LF/RF,Daniel Palka,C, OB 10 ,130
516,2019,Series 2,Batter,LF/RF,Gerardo Parra,U, OB 12 ,305
517,2019,Series 2,Batter,LF/RF,Gregory Polanco,C, OB 11 ,205
518,2019,Series 2,Batter,LF/RF,Dwight Smith Jr.,U, OB 12 R+2 ,345
519,2019,Series 2,Batter,LF/RF,Jorge Soler,C, OB 11 ,50
520,2019,Series 2,Batter,LF/RF,Nick Williams,C, OB 12 ,225
521,2019,Series 2,Batter,LF/RF,Jesse Winker,R, OB 13 R+1 ,355
522,2019,Series 2,Batter,CF,Lewis Brinson,C, OB 9 L+1 ,120
523,2019,Series 2,Batter,CF,Adam Jones,C, OB 11 ,165
524,2019,Series 2,Batter,CF,Ramon Laureano,U, OB 12 L+1 ,325
525,2019,Series 2,Batter,CF,Jake Marisnick,C, OB 10 ,140
526,2019,Series 2,Batter,CF,Cedric Mullins II,C, OB 11 ,90
527,2019,Series 2,Batter,CF,A.J. Pollock,U, OB 11 ,280
528,2019,Series 2,Batter,OF,David Dahl,U, OB 11 R+1 ,305
529,2019,Series 2,Batter,OF,Curtis Granderson,C, OB 12 R+1 ,185
530,2019,Series 2,Batter,OF,Bryce Harper,R, OB 14 ,485
531,2019,Series 2,Batter,OF,JaCoby Jones,C, OB 9 ,75
532,2019,Series 2,Batter,OF,Austin Meadows,C, OB 11 L+1 ,195
533,2019,Series 2,Batter,OF,Raimel Tapia,C, OB 11 R+1 ,215
534,2019,Series 2,Batter,U,Nicky Delmonico,C, OB 11 ,95
535,2019,Series 2,Batter,U,Leury Garcia,C, OB 10 L+1 ,125
536,2019,Series 2,Batter,U,Marwin Gonzalez,C, OB 12 ,265
537,2019,Series 2,Batter,U,Chris Owings,C, OB 10 ,50
538,2019,Series 2,Batter,U,Neil Walker,C, OB 11 R+1 ,130
539,2019,Series 2,Batter,U,Ben Zobrist,C, OB 12 ,235
540,2019,Series 2,Batter,DH,Shohei Ohtani,R, OB 12 R+1 ,345
I1,2019,Series 2,Pitcher,SP,Matthew Boyd,UR, CMD 6 ,510
I2,2019,Series 2,Pitcher,SP,Lucas Giolito,UR, CMD 6 ,585
I3,2019,Series 2,Pitcher,SP,Matt Strahm,UR, CMD 4 R+2 ,375
I4,2019,Series 2,Pitcher,SP,Justin Verlander,UR, CMD 8 L+1 ,795
I5,2019,Series 2,Pitcher,RP,Ryan Pressly,UR, CMD 7 L+2 ,380
I6,2019,Series 2,Batter,C,James McCann,UR, OB 13 ,425
I7,2019,Series 2,Batter,C,Gary Sanchez,UR, OB 12 R+1 ,415
I8,2019,Series 2,Batter,1B,Josh Bell,UR, OB 14 R+1 ,610
I9,2019,Series 2,Batter,SS,Tim Anderson,UR, OB 13 R+1 ,505
I10,2019,Series 2,Batter,LF/RF,Cody Bellinger,UR, OB 16 ,800
I11,2019,Series 2,Pitcher,SP,Cliff Lee,UR, CMD 5 ,585
I12,2019,Series 2,Pitcher,RP,Jose Mesa,UR, CMD 5 L+1 ,260
I13,2019,Series 2,Batter,1B,Jim Thome,UR, OB 14 R+2 ,630
I14,2019,Series 2,Batter,2B,Nap Lajoie,UR, OB 14 R+1 ,590
I15,2019,Series 2,Batter,3B,Al Rosen,UR, OB 14 ,670
I16,2019,Series 2,Batter,SS,Lou Boudreau,UR, OB 15 ,630
I17,2019,Series 2,Batter,SS,Omar Vizquel,UR, OB 14 ,680
I18,2019,Series 2,Batter,LF/RF,Albert Belle,UR, OB 14 ,690
I19,2019,Series 2,Batter,CF,Kenny Lofton,UR, OB 14 ,715
I20,2019,Series 2,Batter,OF,Joe Jackson,UR, OB 14 R+1 ,650
I21,2019,Series 2,Batter,C,Roy Campanella,UR, OB 13 R+1 ,590
I22,2019,Series 2,Batter,SS,Luis Aparicio,UR, OB 11 ,310
I23,2019,Series 2,Batter,3B,Ron Santo,UR, OB 14 ,605
I24,2019,Series 2,Batter,2B,Joe Morgan,UR, OB 15 R+1 ,800
I25,2019,Series 2,Pitcher,RP,Rich Gossage,UR, CMD 5 R+1 ,305
I26,2019,Series 2,Batter,OF,Dale Murphy,UR, OB 13 R+1 ,660
I27,2019,Series 2,Batter,1B,Eddie Murray,UR, OB 14 ,625
I28,2019,Series 2,Batter,LF/RF,Darryl Strawberry,UR, OB 11 R+1 ,370
I29,2019,Series 2,Batter,OF,Ellis Burks,UR, OB 12 L+2 ,690
I30,2019,Series 2,Pitcher,SP,Tim Lincecum,UR, CMD 5 ,555
S1,2019,Series 1,Strategy,Defense,Ace In The Hole,R,,
S2,2019,Series 1,Strategy,Defense,Ahead In The Count,C,,
S3,2019,Series 1,Strategy,Defense,Back Burner,C,,
S4,2019,Series 1,Strategy,Defense,Bang Bang,U,,
S5,2019,Series 1,Strategy,Defense,Breathing Room 2.0,U,,
S6,2019,Series 1,Strategy,Defense,Bridging The Gap,R,,
S7,2019,Series 1,Strategy,Defense,Choke Artist,C,,
S8,2019,Series 1,Strategy,Defense,Circus Act,C,,
S9,2019,Series 1,Strategy,Defense,Claustrophobia,C,,
S10,2019,Series 1,Strategy,Defense,Cut The Lights,U,,
S11,2019,Series 1,Strategy,Defense,Daylight Play,C,,
S12,2019,Series 1,Strategy,Defense,Down And Away,U,,
S13,2019,Series 1,Strategy,Defense,Eat The Ball,C,,
S14,2019,Series 1,Strategy,Defense,Effectively Wild,U,,
S15,2019,Series 1,Strategy,Defense,Front Loaded,C,,
S16,2019,Series 1,Strategy,Defense,Get Hyphy,C,,
S17,2019,Series 1,Strategy,Defense,Grab And Go,C,,
S18,2019,Series 1,Strategy,Defense,Grudge Match,U,,
S19,2019,Series 1,Strategy,Defense,Hangin' K's,U,,
S20,2019,Series 1,Strategy,Defense,High And Tight,U,,
S21,2019,Series 1,Strategy,Defense,Jack In The Box,C,,
S22,2019,Series 1,Strategy,Defense,Left For Dead,R,,
S23,2019,Series 1,Strategy,Defense,Ordinary Hero,C,,
S24,2019,Series 1,Strategy,Defense,Pitch Out,C,,
S25,2019,Series 1,Strategy,Defense,Pump Fake,C,,
S26,2019,Series 1,Strategy,Defense,Seems So Simple,C,,
S27,2019,Series 1,Strategy,Defense,Set-Up Man 2.0,U,,
S28,2019,Series 1,Strategy,Defense,Team Chemistry,C,,
S29,2019,Series 1,Strategy,Defense,Throwing Strikes,C,,
S30,2019,Series 1,Strategy,Offense,Bat On Ball,C,,
S31,2019,Series 1,Strategy,Offense,Better 1 Out Than 2,C,,
S32,2019,Series 1,Strategy,Offense,Chain Reaction,U,,
S33,2019,Series 1,Strategy,Offense,Charged Up,C,,
S34,2019,Series 1,Strategy,Offense,Chugga Chugga,C,,
S35,2019,Series 1,Strategy,Offense,Clickbait,C,,
S36,2019,Series 1,Strategy,Offense,Cloud Nine,C,,
S37,2019,Series 1,Strategy,Offense,Disrespected,C,,
S38,2019,Series 1,Strategy,Offense,Do Or Die,C,,
S39,2019,Series 1,Strategy,Offense,Four Corners,C,,
S40,2019,Series 1,Strategy,Offense,Hit The Road Jack,U,,
S41,2019,Series 1,Strategy,Offense,Homeward Bound,C,,
S42,2019,Series 1,Strategy,Offense,Meatball Masher 2.0,R,,
S43,2019,Series 1,Strategy,Offense,Never Enough,C,,
S44,2019,Series 1,Strategy,Offense,On Deck Circle,U,,
S45,2019,Series 1,Strategy,Offense,Opposite Way,U,,
S46,2019,Series 1,Strategy,Offense,Passed Ball,U,,
S47,2019,Series 1,Strategy,Offense,Pitch Count,C,,
S48,2019,Series 1,Strategy,Offense,Pulled It,U,,
S49,2019,Series 1,Strategy,Offense,Rattled,C,,
S50,2019,Series 1,Strategy,Offense,Reading The Ball 2.0,U,,
S51,2019,Series 1,Strategy,Offense,Rib-Eye Steak 2.0,U,,
S52,2019,Series 1,Strategy,Offense,Round 'Em Up,R,,
S53,2019,Series 1,Strategy,Offense,Squash The Bug,R,,
S54,2019,Series 1,Strategy,Offense,Stealing Signs,C,,
S55,2019,Series 1,Strategy,Offense,Unsung Hero,C,,
S56,2019,Series 1,Strategy,Offense,Walk This Way,C,,
S57,2019,Series 1,Strategy,Offense,Wandering Eye,C,,
S58,2019,Series 1,Strategy,Offense,Who Run It?,U,,
S59,2019,Series 1,Strategy,Neutral,Did His Homework 2.0,R,,
S60,2019,Series 1,Strategy,Neutral,Give And Take,R,,
S61,2019,Series 1,Strategy,Neutral,It's A Trap!,C,,
S62,2019,Series 1,Strategy,Neutral,The Long Con,C,,
S63,2019,Series 1,Strategy,Neutral,Losing Steam,U,,
S64,2019,Series 1,Strategy,Neutral,Seeing Is Believing,C,,
S65,2019,Series 1,Strategy,Weather,Afternoon Shade,C,,
S66,2019,Series 1,Strategy,Weather,The Dog Days,R,,
S67,2019,Series 1,Strategy,Weather,Frozen Fingers,C,,
S68,2019,Series 1,Strategy,Weather,Muddy Track,U,,
S69,2019,Series 1,Strategy,Manager,Craig Counsell,R,,
S70,2019,Series 1,Strategy,Manager,Alex Cora,C,,
S71,2019,Series 2,Strategy,Defense,Get Your Game On!,R,,
S72,2019,Series 2,Strategy,Defense,I Have The High Mound,U,,
S73,2019,Series 2,Strategy,Defense,Hey Now!,U,,
S74,2019,Series 2,Strategy,Defense,High Heater,U,,
S75,2019,Series 2,Strategy,Defense,Kids These Days,U,,
S76,2019,Series 2,Strategy,Defense,The Man Is Non-Stop,R,,
S77,2019,Series 2,Strategy,Defense,Missed Stop Sign,U,,
S78,2019,Series 2,Strategy,Defense,Pitcher's Count,U,,
S79,2019,Series 2,Strategy,Defense,Phantom Tag,U,,
S80,2019,Series 2,Strategy,Defense,Wire To Wire,R,,
S81,2019,Series 2,Strategy,Offense,Hitter's Count,U,,
S82,2019,Series 2,Strategy,Offense,Let The Kids Play,U,,
S83,2019,Series 2,Strategy,Offense,Light Tower Power,R,,
S84,2019,Series 2,Strategy,Offense,My Power Has Doubled,U,,
S85,2019,Series 2,Strategy,Offense,Not Throwing Away My Shot,R,,
S86,2019,Series 2,Strategy,Offense,Slump-Buster,U,,
S87,2019,Series 2,Strategy,Offense,Speedy Gets Greedy,U,,
S88,2019,Series 2,Strategy,Offense,Upon Further Review,U,,
S89,2019,Series 2,Strategy,Offense,You Were The Chosen One,U,,
S90,2019,Series 2,Strategy,Offense,You're An All-Star!,R,,
S91,2019,Series 2,Strategy,Neutral,Clutch It Up!,U,,
S92,2019,Series 2,Strategy,Neutral,Frozen Rope,R,,
S93,2019,Series 2,Strategy,Neutral,Go Play!,U,,
S94,2019,Series 2,Strategy,Neutral,Hello There,U,,
S95,2019,Series 2,Strategy,Neutral,Know Your Role,U,,
S96,2019,Series 2,Strategy,Neutral,Now This Is Baseball,U,,
S97,2019,Series 2,Strategy,Neutral,Oh I Don't Think So,U,,
S98,2019,Series 2,Strategy,Neutral,Prime-Time Performance,R,,
P1,2019,Series 1,Stadium,Stadium,Arizona Field,R,,
P2,2019,Series 1,Stadium,Stadium,Atlanta Park,C,,
P3,2019,Series 1,Stadium,Stadium,Baltimore Yards,U,,
P4,2019,Series 1,Stadium,Stadium,Boston Park,C,,
P5,2019,Series 1,Stadium,Stadium,Chicago (A) Field,C,,
P6,2019,Series 1,Stadium,Stadium,Chicago (N) Field,U,,
P7,2019,Series 1,Stadium,Stadium,Cincinnati Park,C,,
P8,2019,Series 1,Stadium,Stadium,Cleveland Field,R,,
P9,2019,Series 1,Stadium,Stadium,Colorado Field,C,,
P10,2019,Series 1,Stadium,Stadium,Detroit Park,U,,
P11,2019,Series 1,Stadium,Stadium,Houston Park,R,,
P12,2019,Series 1,Stadium,Stadium,Kansas City Stadium,C,,
P13,2019,Series 1,Stadium,Stadium,Los Angeles (A) Stadium,C,,
P14,2019,Series 1,Stadium,Stadium,Los Angeles (N) Stadium,U,,
P15,2019,Series 1,Stadium,Stadium,Miami Park,C,,
P16,2019,Series 1,Stadium,Stadium,Milwaukee Park,U,,
P17,2019,Series 1,Stadium,Stadium,Minnesota Field,C,,
P18,2019,Series 1,Stadium,Stadium,New York (A) Stadium,C,,
P19,2019,Series 1,Stadium,Stadium,New York (N) Field,U,,
P20,2019,Series 1,Stadium,Stadium,Oakland Stadium,C,,
P21,2019,Series 1,Stadium,Stadium,Philadelphia Park,C,,
P22,2019,Series 1,Stadium,Stadium,Pittsburgh Park,C,,
P23,2019,Series 1,Stadium,Stadium,San Diego Park,U,,
P24,2019,Series 1,Stadium,Stadium,San Francisco Park,U,,
P25,2019,Series 1,Stadium,Stadium,Seattle Field,C,,
P26,2019,Series 1,Stadium,Stadium,St. Louis Stadium,C,,
P27,2019,Series 1,Stadium,Stadium,Tampa Bay Field,U,,
P28,2019,Series 1,Stadium,Stadium,Texas Park,U,,
P29,2019,Series 1,Stadium,Stadium,Toronto Centre,C,,
P30,2019,Series 1,Stadium,Stadium,Washington Park,C,,
P31,2019,Series 2,Stadium,Stadium,Cleveland Stadium,R,,
P32,2019,Series 2,Stadium,Stadium,The Jake In Cleveland,R,,